"MAE","RMSE","MAPE","R_squared"
130.702524164359,178.477024644499,465.009293458101,0.189075544487723
