"MAE","RMSE","MAPE","R_squared"
135.548418944843,186.005613851973,528.586720757211,0.180902807305912
