"MAE","RMSE","MAPE","R_squared"
136.699635990668,187.361595414849,535.153363342554,0.170312399243005
