"MAE","RMSE","MAPE","R_squared"
134.217394632887,184.435420784606,522.091454607641,0.196754518570085
