"MAE","RMSE","MAPE","R_squared"
132.848675134234,179.185679572255,480.969457057106,0.176732187219285
