"MAE","RMSE","MAPE","R_squared"
120.172782428512,164.850499733295,389.38707295962,0.207826204304034
