"MAE","RMSE","MAPE","R_squared"
129.542816876954,173.381795534944,486.985378280718,0.209192261937181
