"MAE","RMSE","MAPE","R_squared"
125.968121752071,167.553119319402,488.349899290631,0.208326609002916
