"MAE","RMSE","MAPE","R_squared"
134.909090314216,183.472171161832,490.985191022689,0.173994383003875
