"MAE","RMSE","MAPE","R_squared"
129.792560481115,174.679863071722,469.604935647216,0.209392443698121
