"MAE","RMSE","MAPE","R_squared"
133.67063133804,183.271266849302,496.735913309013,0.18701059241655
