"MAE","RMSE","MAPE","R_squared"
127.448243617835,168.347743437559,479.859684663369,0.184922876311332
