"MAE","RMSE","MAPE","R_squared"
131.102311949741,175.743339731851,483.398801205013,0.193922511343153
