"MAE","RMSE","MAPE","R_squared"
132.040179085088,180.50823926828,523.111974347291,0.18561118386235
