"MAE","RMSE","MAPE","R_squared"
126.173320489262,169.112450632426,466.455792844617,0.211932442242847
