"MAE","RMSE","MAPE","R_squared"
130.191495578897,174.987198925565,510.810888711834,0.190165376381303
