"MAE","RMSE","MAPE","R_squared"
129.196475065457,174.503532203313,477.289750313782,0.189540185119315
