"MAE","RMSE","MAPE","R_squared"
120.374762236426,162.057917323492,437.658343736612,0.200239207917476
