"MAE","RMSE","MAPE","R_squared"
120.93665170314,160.608287463912,431.327045241399,0.216713128694319
