"MAE","RMSE","MAPE","R_squared"
132.183548616739,177.967942857258,529.636113572492,0.200591391147446
