"MAE","RMSE","MAPE","R_squared"
131.354733517678,177.052753360132,492.046113942925,0.192247349374538
