"MAE","RMSE","MAPE","R_squared"
123.657063484286,163.710254485631,436.515324310364,0.197992956893604
