"MAE","RMSE","MAPE","R_squared"
127.565855136375,175.048021608428,459.617952709252,0.211873423232267
