"MAE","RMSE","MAPE","R_squared"
132.299867240065,176.695230151939,501.077816207821,0.184724202962767
