"MAE","RMSE","MAPE","R_squared"
131.050224329262,175.961688220163,506.712400411921,0.205372928411366
