"MAE","RMSE","MAPE","R_squared"
133.92139882563,179.660869162817,503.582381739502,0.186171453038998
