"MAE","RMSE","MAPE","R_squared"
123.432699061539,167.568331594897,486.761850713975,0.200349120815104
