"MAE","RMSE","MAPE","R_squared"
126.802526170142,169.81507257729,482.352790368296,0.204649505057128
