"MAE","RMSE","MAPE","R_squared"
133.283516419659,181.540539930483,508.2916273997,0.200497727664764
