"MAE","RMSE","MAPE","R_squared"
122.126460194185,162.495396071096,441.235626314073,0.207778172894492
