"MAE","RMSE","MAPE","R_squared"
128.121617460601,172.821443427853,479.965298769163,0.224354896531465
