"MAE","RMSE","MAPE","R_squared"
126.829425852482,169.923541599217,427.387276340487,0.186700322138763
