"MAE","RMSE","MAPE","R_squared"
131.39082419023,177.630642903931,509.882646514968,0.186847061229791
