"MAE","RMSE","MAPE","R_squared"
120.499215565426,164.73078375412,360.062979057974,0.210025246065436
