"MAE","RMSE","MAPE","R_squared"
130.723910112613,177.834418809473,482.294195470483,0.203361123337156
