"MAE","RMSE","MAPE","R_squared"
126.762742122943,169.47526567191,477.352050819355,0.220351075214621
