"MAE","RMSE","MAPE","R_squared"
125.653871797316,169.327074136714,459.42133888303,0.183207967874895
