"MAE","RMSE","MAPE","R_squared"
127.022512155325,169.159468720499,484.8446930235,0.195300076807513
