"MAE","RMSE","MAPE","R_squared"
128.91977773286,170.887460112046,488.096728617364,0.194785340336501
