"MAE","RMSE","MAPE","R_squared"
122.137306606829,164.57536417154,410.240269852428,0.186702934695053
