"MAE","RMSE","MAPE","R_squared"
135.013515267356,183.186817949552,522.641531220105,0.176698314630204
