"MAE","RMSE","MAPE","R_squared"
127.70822498692,173.894869035162,405.127781044772,0.162728153841314
