"MAE","RMSE","MAPE","R_squared"
129.981856086141,177.68407981326,477.8238108224,0.194918573677596
