"MAE","RMSE","MAPE","R_squared"
127.264405880575,171.072366501018,473.415918739361,0.213590467378899
