"MAE","RMSE","MAPE","R_squared"
130.724293945414,173.543528183623,488.663686427154,0.198936283154307
