"MAE","RMSE","MAPE","R_squared"
128.531251161929,172.417951383747,500.009421123136,0.22860648611007
