"MAE","RMSE","MAPE","R_squared"
129.847601405447,179.960204037777,534.611297648349,0.196949297352704
