"MAE","RMSE","MAPE","R_squared"
126.940564842472,169.883519906072,488.082656194138,0.219473208465405
