"MAE","RMSE","MAPE","R_squared"
134.143287491561,184.573489067524,519.966686113698,0.175862367659561
