"MAE","RMSE","MAPE","R_squared"
129.325575631049,173.084858182314,475.362729114329,0.208367633316649
