"MAE","RMSE","MAPE","R_squared"
134.999556815552,183.202479913253,511.180911681372,0.180376022143822
