"MAE","RMSE","MAPE","R_squared"
129.961765598188,175.25663692265,520.746227993631,0.223878341202537
