"MAE","RMSE","MAPE","R_squared"
118.64204912297,161.309428767094,363.121358181708,0.198385564736463
