"MAE","RMSE","MAPE","R_squared"
128.423823596178,173.027961880702,504.725026834015,0.219452671732563
