"MAE","RMSE","MAPE","R_squared"
130.368128374189,176.037139507372,485.648708537774,0.20591584503013
