"MAE","RMSE","MAPE","R_squared"
131.0742314476,177.650001401008,497.563327956254,0.194762941618997
