"MAE","RMSE","MAPE","R_squared"
131.605476061158,178.618814681002,497.51691461445,0.214005055919804
