"MAE","RMSE","MAPE","R_squared"
133.208427559927,183.280429049226,506.315436555905,0.187409965914947
