"MAE","RMSE","MAPE","R_squared"
135.17184986941,185.351515921393,511.913348549152,0.166923229723694
