"MAE","RMSE","MAPE","R_squared"
135.246285625647,180.749166087574,510.949534237679,0.199209936466131
