"MAE","RMSE","MAPE","R_squared"
129.461646527269,170.778530962961,499.891951632551,0.200475165608907
