"MAE","RMSE","MAPE","R_squared"
131.503330947624,177.254002783562,494.824105014909,0.206426627689708
