"MAE","RMSE","MAPE","R_squared"
121.706977961827,165.57469422302,388.807648804371,0.200879852595438
