"MAE","RMSE","MAPE","R_squared"
126.950437545289,170.065000065866,482.941520674425,0.2236824271391
