"MAE","RMSE","MAPE","R_squared"
122.238017404414,162.03052981405,412.626889345817,0.195831160610427
