"MAE","RMSE","MAPE","R_squared"
126.28808701324,168.835169798691,495.908078558431,0.229594124770151
