"MAE","RMSE","MAPE","R_squared"
130.129488736298,176.93257179499,462.591135200901,0.204063998535728
