"MAE","RMSE","MAPE","R_squared"
133.251765576032,180.817417961925,513.944053408764,0.184013746775927
