"MAE","RMSE","MAPE","R_squared"
123.962550003505,163.158889708363,466.7435457843,0.219729987121214
