"MAE","RMSE","MAPE","R_squared"
122.036730771752,162.0740875364,460.13335583329,0.229476475040264
