"MAE","RMSE","MAPE","R_squared"
122.312695126666,165.102722084279,422.500215271187,0.207805116191819
