"MAE","RMSE","MAPE","R_squared"
128.894162172551,171.412657614702,470.38962046185,0.196505911606234
