"MAE","RMSE","MAPE","R_squared"
132.843716219067,178.652174555665,502.133725569456,0.189823264961538
