"MAE","RMSE","MAPE","R_squared"
121.253057133288,165.296810990723,395.328284858256,0.209287428082398
