"MAE","RMSE","MAPE","R_squared"
120.093446186317,162.370897609924,424.097579030854,0.20169664529353
