"MAE","RMSE","MAPE","R_squared"
135.390839400775,183.962464006918,507.622635200271,0.179138406118737
