"MAE","RMSE","MAPE","R_squared"
134.597555046791,181.719939594225,524.879991712786,0.180967218218005
