"MAE","RMSE","MAPE","R_squared"
134.551393983011,184.522513630664,471.323854868028,0.159804727687481
