"MAE","RMSE","MAPE","R_squared"
135.59261388315,185.052223016497,478.083000976649,0.175558814686267
