"MAE","RMSE","MAPE","R_squared"
131.12749402347,174.694858401176,514.314743399729,0.201487784555793
