"MAE","RMSE","MAPE","R_squared"
122.31825413162,163.35049566145,397.445769694208,0.176904283601056
