"MAE","RMSE","MAPE","R_squared"
132.687095004047,176.607378475031,486.904662953479,0.181401021717042
