"MAE","RMSE","MAPE","R_squared"
127.356614450451,170.21582139672,481.927363131072,0.21306848185181
