"MAE","RMSE","MAPE","R_squared"
119.220947737819,162.581123946068,386.551882206648,0.222880110638586
