"MAE","RMSE","MAPE","R_squared"
128.025046453174,172.830234798725,472.672323071933,0.200398327908479
