"MAE","RMSE","MAPE","R_squared"
133.698148663948,180.546572802412,519.655240180408,0.181187334049514
