"MAE","RMSE","MAPE","R_squared"
137.1984877794,187.303385370494,510.048669005808,0.172970446472032
