"MAE","RMSE","MAPE","R_squared"
126.677209760238,173.809365230136,418.106659894311,0.182852054953734
