"MAE","RMSE","MAPE","R_squared"
127.008885262436,169.914992288744,485.475981015015,0.227550472112749
