"MAE","RMSE","MAPE","R_squared"
130.91322687556,178.49053616164,500.613195063966,0.20132018249232
