"MAE","RMSE","MAPE","R_squared"
125.760330408672,167.969471903097,439.026020253213,0.189677651496289
