"MAE","RMSE","MAPE","R_squared"
128.16798892844,172.392650524383,480.415565764662,0.217463193497496
