"MAE","RMSE","MAPE","R_squared"
131.400734294138,175.404784580888,484.591108013568,0.219941147063871
