"MAE","RMSE","MAPE","R_squared"
132.528588812078,178.399811242078,502.138727198236,0.194832824254412
