"MAE","RMSE","MAPE","R_squared"
130.902326597317,176.809762670057,466.221614447733,0.199146948706936
