"MAE","RMSE","MAPE","R_squared"
119.970067265797,164.225029242964,398.875448483481,0.218646216077747
