"MAE","RMSE","MAPE","R_squared"
136.771454744851,189.640237354164,539.46404429899,0.164736756082906
