"MAE","RMSE","MAPE","R_squared"
139.802208273138,191.094495722544,505.735895432876,0.172653203091244
