"MAE","RMSE","MAPE","R_squared"
130.411179165306,178.169276601225,510.14493742142,0.183587586243746
