"MAE","RMSE","MAPE","R_squared"
134.619616122523,182.315325785691,522.211721387029,0.197802575111359
