"MAE","RMSE","MAPE","R_squared"
123.894432345045,166.710653573699,428.222560472575,0.19044919331132
