"MAE","RMSE","MAPE","R_squared"
131.231016538424,176.288923880303,454.415684979852,0.195363830435091
