"MAE","RMSE","MAPE","R_squared"
132.054248830557,178.515280803684,500.188482361045,0.177024512024247
