"MAE","RMSE","MAPE","R_squared"
129.374633876817,175.954969130907,493.2284522417,0.202004766293618
