"MAE","RMSE","MAPE","R_squared"
127.761181625022,172.627237138,477.748693096183,0.171786351256967
