"MAE","RMSE","MAPE","R_squared"
135.720786514812,183.879216290011,534.07996585731,0.184974365690146
