"MAE","RMSE","MAPE","R_squared"
135.697420702869,182.691903330889,497.46442084445,0.169899360362055
