"MAE","RMSE","MAPE","R_squared"
129.08498687695,173.100745527617,503.586672190321,0.207870687500241
