"MAE","RMSE","MAPE","R_squared"
128.293089940597,172.463179940464,485.532607570085,0.212878768821926
