"MAE","RMSE","MAPE","R_squared"
127.975576335409,173.640717005254,482.659706551497,0.203122195668492
