"MAE","RMSE","MAPE","R_squared"
129.726856515208,174.047668154171,501.825479279541,0.206350927383382
