"MAE","RMSE","MAPE","R_squared"
131.87005823139,177.982560564452,470.217713218631,0.19742089629852
