"MAE","RMSE","MAPE","R_squared"
134.36420269071,183.352191142592,548.102515334419,0.174447864883515
