"MAE","RMSE","MAPE","R_squared"
121.647762684205,164.438851080089,408.346477643753,0.192546503151483
