"MAE","RMSE","MAPE","R_squared"
130.65942054266,177.840986721633,517.348280669958,0.208644504538136
