"MAE","RMSE","MAPE","R_squared"
131.02447756815,175.455665985373,513.033222774106,0.191654299306288
