"MAE","RMSE","MAPE","R_squared"
133.726816363646,181.827166924554,486.384621619987,0.183776595240562
