"MAE","RMSE","MAPE","R_squared"
130.813771787648,175.162638352671,477.042953268984,0.208743909232905
