"MAE","RMSE","MAPE","R_squared"
118.544268368752,158.211099010793,373.90888699151,0.210591646623908
