"MAE","RMSE","MAPE","R_squared"
124.284432777686,169.589278877477,407.07810881734,0.178858381619272
