"MAE","RMSE","MAPE","R_squared"
127.410232520436,169.334742868617,467.866616204445,0.197550012275454
