"MAE","RMSE","MAPE","R_squared"
131.46094993578,178.052025005544,498.821348107944,0.18677499720224
