"MAE","RMSE","MAPE","R_squared"
126.975943725186,169.365830109815,479.981978067882,0.216814062449627
