"MAE","RMSE","MAPE","R_squared"
133.134300712014,179.18095560768,508.731064409974,0.179728992608999
