"MAE","RMSE","MAPE","R_squared"
121.870891311628,166.946022107319,419.056474299219,0.189637517733369
