"MAE","RMSE","MAPE","R_squared"
134.541608653269,180.878515287052,521.874437602683,0.190029948007363
