"MAE","RMSE","MAPE","R_squared"
131.529800947059,179.16669294242,521.13547270266,0.202725722412885
