"MAE","RMSE","MAPE","R_squared"
130.874675952655,179.452599263495,478.604931696184,0.199549352450459
