"MAE","RMSE","MAPE","R_squared"
122.806254253037,165.704760116099,405.889313172821,0.171238590715056
