"MAE","RMSE","MAPE","R_squared"
128.128525371919,170.960366505214,477.165470818857,0.196600876232515
