"MAE","RMSE","MAPE","R_squared"
126.919906085974,168.544909202985,465.327844896425,0.209898663164249
