"MAE","RMSE","MAPE","R_squared"
122.609955042785,165.998380831104,409.840100483226,0.19939297188808
