"MAE","RMSE","MAPE","R_squared"
131.857740570952,179.705225925567,514.747605544019,0.197301668467687
