"MAE","RMSE","MAPE","R_squared"
125.115248014388,171.589174932313,452.675306094567,0.171568231918359
