"MAE","RMSE","MAPE","R_squared"
130.787751019003,177.873539583327,508.219623187553,0.179917085722921
