"MAE","RMSE","MAPE","R_squared"
129.968037344517,175.323873406098,519.74078603451,0.190008440798981
