"MAE","RMSE","MAPE","R_squared"
133.870336619374,183.097314553407,462.779940311961,0.192840986201084
