"MAE","RMSE","MAPE","R_squared"
119.998235762783,161.933178874437,380.213360982741,0.190137387084861
