"MAE","RMSE","MAPE","R_squared"
132.039636674946,175.472544099047,513.52962711873,0.20161728937557
