"MAE","RMSE","MAPE","R_squared"
133.928760684752,179.947971170511,491.395869269647,0.190251582151231
