"MAE","RMSE","MAPE","R_squared"
130.604886893249,175.602053984004,505.453358620202,0.205420503811962
