"MAE","RMSE","MAPE","R_squared"
131.168582883188,178.132250901826,482.172128284517,0.187261005975896
