"MAE","RMSE","MAPE","R_squared"
126.995773734735,170.21514478069,458.280945802165,0.207138794043615
