"MAE","RMSE","MAPE","R_squared"
132.772676662942,179.615877328929,489.969487341669,0.176016382290221
