"MAE","RMSE","MAPE","R_squared"
131.550591767603,178.70857223693,479.606373901307,0.204355546148232
