"MAE","RMSE","MAPE","R_squared"
130.873977557585,177.619771459301,489.114811141702,0.194761482167855
