"MAE","RMSE","MAPE","R_squared"
129.367159733799,175.076747743177,489.921440170803,0.202729953941117
