"MAE","RMSE","MAPE","R_squared"
121.23664053348,160.673649515495,421.926504725966,0.222332546989882
