"MAE","RMSE","MAPE","R_squared"
125.12948627863,165.264236344044,463.426438271078,0.209403991729002
