"MAE","RMSE","MAPE","R_squared"
132.248327236883,178.280495623913,499.231924376504,0.2011341365068
