"MAE","RMSE","MAPE","R_squared"
134.371718279339,185.034422044693,466.806637015855,0.16712628309542
