"MAE","RMSE","MAPE","R_squared"
129.840875146045,177.267005866045,434.328025278757,0.197162860822433
