"MAE","RMSE","MAPE","R_squared"
126.890546895064,171.091055297289,479.95728907521,0.173742300120355
