"MAE","RMSE","MAPE","R_squared"
132.102488599219,177.310958816245,514.799207951448,0.203308097589121
