"MAE","RMSE","MAPE","R_squared"
129.073994356803,174.069055885791,468.948958942965,0.182104031969917
