"MAE","RMSE","MAPE","R_squared"
117.29935068549,158.760917043804,351.036451004149,0.208997640696175
