"MAE","RMSE","MAPE","R_squared"
133.296614353132,177.996966820041,480.432626174506,0.185108499211178
