"MAE","RMSE","MAPE","R_squared"
133.48490497386,180.819852885504,497.116892692167,0.188360393721972
