"MAE","RMSE","MAPE","R_squared"
135.967184025227,187.220675434129,530.54910023439,0.156626564447954
