"MAE","RMSE","MAPE","R_squared"
132.174423974971,178.21107428841,476.419610508933,0.195910993241729
