"MAE","RMSE","MAPE","R_squared"
104.082535103676,147.781458046486,311.681102296169,0.316121980074237
