"MAE","RMSE","MAPE","R_squared"
110.971211136864,154.695522263197,316.402209104646,0.258539099403302
