"MAE","RMSE","MAPE","R_squared"
120.760498598152,164.699715357115,386.643068102559,0.190155947465099
