"MAE","RMSE","MAPE","R_squared"
128.77252539523,171.313717081588,385.544097631164,0.144778592993853
