"MAE","RMSE","MAPE","R_squared"
62.2838877424956,91.3097766873389,219.066760074586,0.737769383765651
