"MAE","RMSE","MAPE","R_squared"
134.39227390608,179.419071886036,495.844096155572,0.127401175947482
