"MAE","RMSE","MAPE","R_squared"
134.627022412075,179.556102649513,486.774671963102,0.128304992669553
