"MAE","RMSE","MAPE","R_squared"
101.698450930643,143.180347561215,364.431790079772,0.382374966644553
