"MAE","RMSE","MAPE","R_squared"
119.836614982305,162.950745049289,409.85228141627,0.22140047964459
