"MAE","RMSE","MAPE","R_squared"
134.980480437391,181.009538224753,489.239561030594,0.124183293076717
