"MAE","RMSE","MAPE","R_squared"
110.717710281966,153.086436305045,418.389479480585,0.305445050441083
