"MAE","RMSE","MAPE","R_squared"
129.098862665802,171.239718507151,403.386086054659,0.14387551814199
