"MAE","RMSE","MAPE","R_squared"
134.266510676718,179.587431428993,477.251520283751,0.127869043292863
