"MAE","RMSE","MAPE","R_squared"
134.641347165406,179.698000416795,493.501696329517,0.129169540125551
