"MAE","RMSE","MAPE","R_squared"
135.099445052267,180.792468304749,500.851736157191,0.12136383163421
