"MAE","RMSE","MAPE","R_squared"
134.34266554211,179.467879157723,483.744287840867,0.125626259254846
