"MAE","RMSE","MAPE","R_squared"
90.0537034155843,127.987752078815,303.10974565315,0.503205835917056
