"MAE","RMSE","MAPE","R_squared"
135.553140736671,181.212138936891,492.430714275884,0.120360360259797
