"MAE","RMSE","MAPE","R_squared"
134.825525033473,180.324650883726,486.339252796952,0.124109072742451
