"MAE","RMSE","MAPE","R_squared"
134.846069501374,180.414969892251,489.98338530283,0.123984310285393
