"MAE","RMSE","MAPE","R_squared"
114.794763597187,155.569352264893,265.189603385532,0.22792560012729
