"MAE","RMSE","MAPE","R_squared"
115.609876717527,156.536608744835,246.044836837801,0.223542593149709
