"MAE","RMSE","MAPE","R_squared"
114.050681334809,155.721548732865,222.636118083009,0.23818804616726
