"MAE","RMSE","MAPE","R_squared"
114.779523964805,155.333556477116,280.730795244114,0.229513429930446
