"MAE","RMSE","MAPE","R_squared"
116.177661098743,156.879593320041,288.052590431774,0.21244664947182
