"MAE","RMSE","MAPE","R_squared"
114.436590912215,156.297476882601,232.166859224561,0.225358125981378
