"MAE","RMSE","MAPE","R_squared"
113.820017195449,155.644059793062,231.460048988009,0.234765287881478
