"MAE","RMSE","MAPE","R_squared"
119.301031398945,161.393976400302,211.198455007457,0.192593690556989
