"MAE","RMSE","MAPE","R_squared"
114.18181358841,154.019538474492,272.610253388603,0.243650330537734
