"MAE","RMSE","MAPE","R_squared"
114.304249754818,154.486156930026,277.403986748995,0.237032961219913
