"MAE","RMSE","MAPE","R_squared"
115.910682533061,158.773631606333,243.515741684445,0.197261370881329
