"MAE","RMSE","MAPE","R_squared"
114.394845018557,155.363289767137,282.531776506949,0.229647576305601
