"MAE","RMSE","MAPE","R_squared"
115.788807040491,158.355761378681,219.702593148554,0.207247085416812
