"MAE","RMSE","MAPE","R_squared"
115.241395571764,156.395113808129,241.826748949787,0.224781480197495
