"MAE","RMSE","MAPE","R_squared"
114.319333119313,155.547752258524,250.547302353724,0.230175612408556
