"MAE","RMSE","MAPE","R_squared"
115.08338796334,156.56659597159,252.461138214073,0.220065972007645
