"MAE","RMSE","MAPE","R_squared"
113.630309529852,155.309832934529,239.851420526321,0.234592339668232
