"MAE","RMSE","MAPE","R_squared"
115.120444938936,156.944084497091,246.43003036728,0.217208868633379
