"MAE","RMSE","MAPE","R_squared"
116.924516845348,160.409936008281,186.789642127574,0.198761851404252
