"MAE","RMSE","MAPE","R_squared"
116.147819555893,158.325884117442,254.27734413721,0.201758903562735
