"MAE","RMSE","MAPE","R_squared"
114.621885952822,156.952503593245,206.749954867961,0.227254982241858
