"MAE","RMSE","MAPE","R_squared"
114.408718571823,156.124522216722,227.429249854338,0.231710490227012
