"MAE","RMSE","MAPE","R_squared"
114.158387757329,154.507458946582,260.736344944904,0.239951244410282
