"MAE","RMSE","MAPE","R_squared"
117.306633316607,159.566973070869,225.345469817274,0.200705032257277
