"MAE","RMSE","MAPE","R_squared"
116.001423559987,157.554216517445,235.005043128242,0.213328373567594
