"MAE","RMSE","MAPE","R_squared"
113.474601922593,154.95786612341,238.382574531602,0.236919227654728
