"MAE","RMSE","MAPE","R_squared"
117.354100463601,157.463738913925,273.739539299642,0.209716540793393
