"MAE","RMSE","MAPE","R_squared"
116.745587951751,159.148506525786,211.326475729943,0.203825817404661
