"MAE","RMSE","MAPE","R_squared"
113.56232439915,154.614314739331,242.951544156217,0.240590709718947
