"MAE","RMSE","MAPE","R_squared"
113.681786272702,154.72600049467,246.703165658407,0.242706430365072
