"MAE","RMSE","MAPE","R_squared"
116.501663137177,158.589992886122,196.440979538649,0.217096580797591
