"MAE","RMSE","MAPE","R_squared"
113.076714609806,154.077281307102,232.598112780137,0.246236526440879
