"MAE","RMSE","MAPE","R_squared"
115.924306864253,157.666961765567,224.831569538936,0.217343926038947
