"MAE","RMSE","MAPE","R_squared"
115.689978891438,157.496319562966,253.998212515492,0.210656774148046
