"MAE","RMSE","MAPE","R_squared"
112.994165267746,154.960360399881,218.691145548346,0.241240962422116
