"MAE","RMSE","MAPE","R_squared"
115.152807568497,157.485297397886,248.548266212738,0.209667811749943
