"MAE","RMSE","MAPE","R_squared"
113.51185566638,153.937746653882,256.633163829797,0.245296715388253
