"MAE","RMSE","MAPE","R_squared"
115.268318236209,156.794845286,246.016195721451,0.2192974972914
