"MAE","RMSE","MAPE","R_squared"
114.404963083242,155.438796496846,247.000633506227,0.236132975780996
