"MAE","RMSE","MAPE","R_squared"
116.386383700955,157.502957680483,237.760688400483,0.218396166933566
