"MAE","RMSE","MAPE","R_squared"
114.47365396624,154.867340036329,284.491967479954,0.233043929798022
