"MAE","RMSE","MAPE","R_squared"
116.730642022513,159.38652886291,191.010962141352,0.207639855265855
