"MAE","RMSE","MAPE","R_squared"
114.112499733911,156.352496612964,228.966799677027,0.223436151521715
