"MAE","RMSE","MAPE","R_squared"
115.796471050045,158.664249769019,217.939702075118,0.20398822655834
