"MAE","RMSE","MAPE","R_squared"
116.118228893372,157.891299863405,240.061136734727,0.207782443473283
