"MAE","RMSE","MAPE","R_squared"
115.321546602775,156.231727499548,271.065817037564,0.220415743544631
