"MAE","RMSE","MAPE","R_squared"
114.84997182595,157.648013539791,200.236608343336,0.223820062961946
