"MAE","RMSE","MAPE","R_squared"
114.368636669088,155.763346201283,228.137172542624,0.24107695689808
