"MAE","RMSE","MAPE","R_squared"
113.83794720666,155.706422237684,241.662082611716,0.227433820713326
