"MAE","RMSE","MAPE","R_squared"
118.22670263833,162.023928953462,189.142493622232,0.179859395875753
