"MAE","RMSE","MAPE","R_squared"
115.445540373897,156.219207336522,262.160046953429,0.221518482493349
