"MAE","RMSE","MAPE","R_squared"
117.479472530104,159.845484971318,207.220411720623,0.199716380220566
