"MAE","RMSE","MAPE","R_squared"
114.032248298515,153.814197110159,295.700672501689,0.243033348096225
