"MAE","RMSE","MAPE","R_squared"
116.419398917172,159.218027049271,231.665912036899,0.196009625314053
