"MAE","RMSE","MAPE","R_squared"
115.492760058863,157.028500671133,227.030012687727,0.221629052113113
