"MAE","RMSE","MAPE","R_squared"
116.370814646725,157.790030126325,254.557020759999,0.206275684873281
