"MAE","RMSE","MAPE","R_squared"
114.309663821004,156.197566726237,220.622390338172,0.238952491845067
