"MAE","RMSE","MAPE","R_squared"
116.098756140298,158.584562767349,197.79208733742,0.213269494696513
