"MAE","RMSE","MAPE","R_squared"
117.584672929167,160.434597337783,194.160246583544,0.20522637116961
