"MAE","RMSE","MAPE","R_squared"
114.451866000545,155.64688030459,252.584881565687,0.228037669572487
