"MAE","RMSE","MAPE","R_squared"
114.369987863916,155.783094280968,229.823996563494,0.233923725027683
