"MAE","RMSE","MAPE","R_squared"
113.945370864219,155.401142631959,248.955658308168,0.231478395738026
