"MAE","RMSE","MAPE","R_squared"
115.298228307226,155.309761201319,296.20970157097,0.228116943413694
