"MAE","RMSE","MAPE","R_squared"
113.422015053159,154.444303270327,253.532826433919,0.241099042318924
