"MAE","RMSE","MAPE","R_squared"
113.212847256189,154.774206403247,232.257735368367,0.244485936687059
