"MAE","RMSE","MAPE","R_squared"
114.182145937337,155.889287995423,237.617999480119,0.227863563146259
