"MAE","RMSE","MAPE","R_squared"
114.591261504021,156.18033440879,233.190921848958,0.232536875107007
