"MAE","RMSE","MAPE","R_squared"
118.158816864516,162.038333421924,208.433983256316,0.175060420026809
