"MAE","RMSE","MAPE","R_squared"
113.671455794088,155.63344918164,217.105042072818,0.241451558374929
