"MAE","RMSE","MAPE","R_squared"
116.418435628475,159.829806425,222.359811334423,0.193182221407392
