"MAE","RMSE","MAPE","R_squared"
115.007095773862,157.279376237754,220.648618947595,0.21611051549247
