"MAE","RMSE","MAPE","R_squared"
115.014016855946,157.121359786134,219.955854319702,0.220513751084832
