"MAE","RMSE","MAPE","R_squared"
113.283688224205,154.037068611565,239.439869329567,0.248265161271346
