"MAE","RMSE","MAPE","R_squared"
115.366852009607,156.880913350513,256.20863437571,0.21712548277581
