"MAE","RMSE","MAPE","R_squared"
114.62271028044,156.922834107058,226.454142715854,0.219662567384868
