"MAE","RMSE","MAPE","R_squared"
115.299819099891,157.196817280317,244.991334200297,0.214047570876498
