"MAE","RMSE","MAPE","R_squared"
114.95559679033,157.781673704903,199.141978838876,0.220975320516584
