"MAE","RMSE","MAPE","R_squared"
115.254478758681,157.731035327807,238.836621350148,0.208813629156622
