"MAE","RMSE","MAPE","R_squared"
115.301530072034,157.450392568423,216.824478287094,0.225661286054404
