"MAE","RMSE","MAPE","R_squared"
114.947324975631,155.444790288508,258.685857271992,0.232156656723039
