"MAE","RMSE","MAPE","R_squared"
114.536386762775,155.718198280948,256.526833428626,0.227988762180457
