"MAE","RMSE","MAPE","R_squared"
114.249847377043,156.176083220578,218.695456476526,0.236503170533653
