"MAE","RMSE","MAPE","R_squared"
115.060860210893,156.232145150552,256.752112874724,0.220357102042302
