"MAE","RMSE","MAPE","R_squared"
115.726538989159,157.375211952127,217.750107375929,0.220245717995732
