"MAE","RMSE","MAPE","R_squared"
116.886256521197,158.999729319355,224.015140690227,0.20836547836977
