"MAE","RMSE","MAPE","R_squared"
114.096061810774,155.942693165227,226.840527237529,0.233735660137297
