"MAE","RMSE","MAPE","R_squared"
114.571345464179,156.271949558013,222.296940063766,0.231437028451367
