"MAE","RMSE","MAPE","R_squared"
117.082655719192,158.504746589649,226.786836977915,0.208294223695097
