"MAE","RMSE","MAPE","R_squared"
116.074247879778,159.439155532062,196.45197084979,0.207603005095761
