"MAE","RMSE","MAPE","R_squared"
114.836283037021,156.34420277325,246.972166215042,0.223827805288084
