"MAE","RMSE","MAPE","R_squared"
115.408265427433,156.879134056724,274.362754425149,0.214849453185598
