"MAE","RMSE","MAPE","R_squared"
114.937464016316,157.159731564268,219.080027574158,0.223455389930972
