"MAE","RMSE","MAPE","R_squared"
113.698339640564,154.604102209533,273.105293932375,0.237351704880968
