"MAE","RMSE","MAPE","R_squared"
117.028846219632,158.11243091167,275.071079227878,0.2080207214372
