"MAE","RMSE","MAPE","R_squared"
114.465610873162,155.940082383893,252.627640451328,0.226787016332288
