"MAE","RMSE","MAPE","R_squared"
113.792823979323,154.960565268246,249.26450598092,0.235821536570006
