"MAE","RMSE","MAPE","R_squared"
118.270418826634,160.071820179131,241.848591397072,0.204638956526572
