"MAE","RMSE","MAPE","R_squared"
114.333290513649,155.443029934347,234.678893912128,0.235401125526121
