"MAE","RMSE","MAPE","R_squared"
114.592497475581,157.101515432232,206.25615522289,0.226883548076087
