"MAE","RMSE","MAPE","R_squared"
113.804208410632,154.674388743811,228.682282563457,0.244211170989606
