"MAE","RMSE","MAPE","R_squared"
93.8800283892647,131.251293340099,256.427477623247,0.450543597529297
