"MAE","RMSE","MAPE","R_squared"
100.743386896005,136.819550472254,276.371582942439,0.434278391146801
