"MAE","RMSE","MAPE","R_squared"
127.992395204832,171.184115409166,400.744836050403,0.151484539808636
