"MAE","RMSE","MAPE","R_squared"
127.143732672829,169.4550388052,398.025648011371,0.160091598885081
