"MAE","RMSE","MAPE","R_squared"
109.337841954526,149.101105884918,302.798172095006,0.324828613781544
