"MAE","RMSE","MAPE","R_squared"
102.768389264273,143.686390764191,274.195566505428,0.342835085314455
