"MAE","RMSE","MAPE","R_squared"
107.321989612463,147.942804409166,273.844437589158,0.303970476156569
