"MAE","RMSE","MAPE","R_squared"
126.558769956943,168.979390996457,397.767875507776,0.166756300853115
