"MAE","RMSE","MAPE","R_squared"
125.420753786121,167.761872102238,399.807931600699,0.174575503901664
