"MAE","RMSE","MAPE","R_squared"
125.335440266651,167.216114358005,386.168202106583,0.180061018379948
