"MAE","RMSE","MAPE","R_squared"
120.554228417409,160.405431639427,425.468297336348,0.202102647357903
