"MAE","RMSE","MAPE","R_squared"
125.741913614136,167.065974182694,390.835461819175,0.179575470274608
