"MAE","RMSE","MAPE","R_squared"
115.45096054646,156.299350207255,314.686293277136,0.25920255837331
