"MAE","RMSE","MAPE","R_squared"
126.310261144249,168.179060114801,398.04026595184,0.17470977599898
