"MAE","RMSE","MAPE","R_squared"
114.712614464491,156.302763705259,351.830278543619,0.238265119863914
