"MAE","RMSE","MAPE","R_squared"
126.627170416807,168.766364631483,391.926473425734,0.166667142778583
