"MAE","RMSE","MAPE","R_squared"
125.229019140058,166.40663984226,389.020831810959,0.1813185161875
