"MAE","RMSE","MAPE","R_squared"
105.229179992768,143.694741301111,300.904730980825,0.372557023188391
