"MAE","RMSE","MAPE","R_squared"
127.54984183963,171.024966743134,414.937258665706,0.160129395792646
