"MAE","RMSE","MAPE","R_squared"
155.31943097334,202.151289704397,479.650133905527,0.000583906916080149
