"MAE","RMSE","MAPE","R_squared"
155.441923830912,202.533304898885,477.948741860295,0.000946089703524265
