"MAE","RMSE","MAPE","R_squared"
153.668759043046,202.745210452928,453.098264872311,0.00186217288256534
