"MAE","RMSE","MAPE","R_squared"
155.450144941006,202.673296422533,475.127420151793,0.00107480071921756
