"MAE","RMSE","MAPE","R_squared"
154.805479998797,201.978033856243,466.202231813146,0.000828485880320089
