"MAE","RMSE","MAPE","R_squared"
158.938250851849,207.531576275859,390.711533118072,0.0162496092523305
