"MAE","RMSE","MAPE","R_squared"
174.357021437215,228.475937728003,450.784494254059,0.0267742528294848
