"MAE","RMSE","MAPE","R_squared"
175.392128986004,231.219802184802,443.527825517413,0.0381528935865948
