"MAE","RMSE","MAPE","R_squared"
173.718773466507,227.21029785939,455.436998237825,0.0326071945747002
