"MAE","RMSE","MAPE","R_squared"
173.852860227997,227.386621557899,449.385393033821,0.0216195693805218
