"MAE","RMSE","MAPE","R_squared"
174.958660476349,229.536143284678,450.611305804872,0.0305873692284689
