"MAE","RMSE","MAPE","R_squared"
151.402893239063,195.899752736752,377.550448142709,0.00570046888008686
