"MAE","RMSE","MAPE","R_squared"
160.131830204049,211.564479261171,390.776785104182,0.0250347423980138
