"MAE","RMSE","MAPE","R_squared"
149.561110236731,196.744543646049,305.206906612603,0.0311953653533183
