"MAE","RMSE","MAPE","R_squared"
155.904415103943,206.458736119744,393.544700389208,0.0154751276592705
