"MAE","RMSE","MAPE","R_squared"
157.710032671986,207.276567031867,384.569920269197,0.0161841315143735
